id,name,gender,contact_number,home_address,active,study_id,date_of_birth,email,created_at,updated_at,last_contacted_by,last_contacted_at,registeredBy,registeredOn
1,Finn Hudson,Male,2312312,2312321,true,2,1995-10-17,dexterfgo@gmail.com,2016-10-17 14:20:55 UTC,2016-10-17 14:20:55 UTC,,,,
2,Janick White,Female,(551) 894-0050 x67445,9276 Kovacek Divide,false,2,2000-08-03,brielle_torp@oreilly.co,2016-10-17 14:24:33 UTC,2016-10-17 14:24:33 UTC,,,,
3,Harold Moore,Others,(587) 232-2437 x7168,56381 Lorenza Islands,true,2,2007-09-13,sydni@wisozk.biz,2016-10-17 14:24:33 UTC,2016-10-17 14:24:33 UTC,,,,
4,Efrain Langworth,Female,(534) 072-5597 x564,33637 Ankunding Mission,false,1,2003-08-28,alanna@halvorson.info,2016-10-17 14:24:33 UTC,2016-10-26 16:32:07 UTC,2,2016-10-26 16:32:07 UTC,,
5,Maribel Welch,Male,499-053-0184 x421,562 Adrian Hill,false,2,2002-10-07,shanny@anderson.name,2016-10-17 14:24:33 UTC,2016-10-24 21:21:46 UTC,1,2016-10-24 21:21:46 UTC,,
6,Ms. Haylee Armstrong,Unspecified,416-651-2935 x5553,89248 Flavie Crossing,true,1,2007-06-14,lula.barrows@grady.co,2016-10-17 14:24:33 UTC,2016-10-17 14:24:33 UTC,,,,
7,Esther Sporer Jr.,Male,1-575-217-9576 x28225,31360 Shanahan Burgs,false,2,2010-12-24,leanna_prohaska@reilly.net,2016-10-17 14:24:33 UTC,2016-10-17 14:24:33 UTC,,,,
8,Elton Kemmer V,Female,120-912-2814,23703 Beier Hill,false,1,2001-01-22,lucie@oconner.name,2016-10-17 14:24:33 UTC,2016-10-17 14:24:33 UTC,,,,
9,Ansel Emard MD,Unspecified,319-176-4374 x113,91194 Miracle Ranch,true,2,2011-04-23,general@baumbach.info,2016-10-17 14:24:33 UTC,2016-10-17 14:24:33 UTC,,,,
10,Elsa Luettgen IV,Male,375.193.3622,67391 Michale Ways,false,1,2000-06-22,carley@abbott.org,2016-10-17 14:24:33 UTC,2016-10-17 14:24:33 UTC,,,,
